year,style,format,distinct_releases,style_year_releases,share
1985,Ambient,CD,198,982,0.20162932790224034
1985,Ambient,Vinyl,784,982,0.7983706720977597
1985,House,Vinyl,143,143,1.0
1985,Techno,CD,1,32,0.03125
1985,Techno,Vinyl,31,32,0.96875
1986,Ambient,CD,318,1254,0.2535885167464115
1986,Ambient,Vinyl,936,1254,0.7464114832535885
1986,House,CD,10,880,0.011363636363636364
1986,House,Vinyl,870,880,0.9886363636363636
1986,Techno,CD,2,50,0.04
1986,Techno,Vinyl,48,50,0.96
1987,Ambient,CD,443,1268,0.34936908517350157
1987,Ambient,Vinyl,825,1268,0.6506309148264984
1987,House,CD,97,2543,0.03814392449862367
1987,House,Vinyl,2446,2543,0.9618560755013763
1987,Techno,CD,9,113,0.07964601769911504
1987,Techno,Vinyl,104,113,0.9203539823008849
1988,Ambient,CD,607,1343,0.45197319434102756
1988,Ambient,Vinyl,736,1343,0.5480268056589724
1988,House,CD,579,5476,0.10573411249086925
1988,House,Vinyl,4897,5476,0.8942658875091307
1988,Techno,CD,52,368,0.14130434782608695
1988,Techno,Vinyl,316,368,0.8586956521739131
1989,Ambient,CD,774,1295,0.5976833976833977
1989,Ambient,Vinyl,521,1295,0.4023166023166023
1989,House,CD,1395,8659,0.1611040535858644
1989,House,Vinyl,7265,8659,0.8390114331908997
1989,Techno,CD,130,913,0.14238773274917854
1989,Techno,Vinyl,783,913,0.8576122672508215
1990,Ambient,CD,922,1548,0.5956072351421189
1990,Ambient,Vinyl,626,1548,0.4043927648578811
1990,House,CD,2148,10839,0.19817326321616385
1990,House,Vinyl,8691,10839,0.8018267367838362
1990,Techno,CD,412,2580,0.15968992248062017
1990,Techno,Vinyl,2168,2580,0.8403100775193798
1991,Ambient,CD,1192,1808,0.6592920353982301
1991,Ambient,Vinyl,616,1808,0.3407079646017699
1991,House,CD,2902,11485,0.2526774053112756
1991,House,Vinyl,8583,11485,0.7473225946887244
1991,Techno,CD,1112,6057,0.18358923559517912
1991,Techno,Vinyl,4945,6057,0.8164107644048209
1992,Ambient,CD,1351,1831,0.7378481703986892
1992,Ambient,Vinyl,480,1831,0.2621518296013108
1992,House,CD,3384,12003,0.28192951762059487
1992,House,Vinyl,8619,12003,0.7180704823794052
1992,Techno,CD,2285,8795,0.259806708357021
1992,Techno,Vinyl,6510,8795,0.740193291642979
1993,Ambient,CD,1713,2381,0.7194456110877783
1993,Ambient,File,2,2381,0.0008399832003359933
1993,Ambient,Vinyl,666,2381,0.27971440571188577
1993,House,CD,4122,12758,0.32309139363536604
1993,House,File,1,12758,7.838219156607619e-05
1993,House,Vinyl,8635,12758,0.6768302241730679
1993,Techno,CD,2236,7069,0.3163106521431603
1993,Techno,File,5,7069,0.0007073136228603763
1993,Techno,Vinyl,4829,7069,0.6831234969585515
1994,Ambient,CD,2501,3353,0.7458991947509693
1994,Ambient,File,3,3353,0.000894721145243066
1994,Ambient,Vinyl,849,3353,0.25320608410378764
1994,House,CD,4967,13969,0.3555730546209464
1994,House,File,6,13969,0.0004295225141384494
1994,House,Vinyl,8996,13969,0.6439974228649151
1994,Techno,CD,2320,6629,0.34997737215266256
1994,Techno,File,6,6629,0.0009051138934982652
1994,Techno,Vinyl,4303,6629,0.6491175139538392
1995,Ambient,CD,2939,3655,0.8041039671682626
1995,Ambient,File,7,3655,0.0019151846785225718
1995,Ambient,Vinyl,711,3655,0.1945280437756498
1995,House,CD,6411,16645,0.3851607089215981
1995,House,File,8,16645,0.00048062481225593273
1995,House,Vinyl,10228,16645,0.6144788224692099
1995,Techno,CD,2719,7891,0.3445697630211634
1995,Techno,File,5,7891,0.0006336332530731213
1995,Techno,Vinyl,5169,7891,0.6550500570269928
1996,Ambient,CD,2907,3611,0.8050401550816948
1996,Ambient,File,3,3611,0.0008307947936859596
1996,Ambient,Vinyl,702,3611,0.19440598172251453
1996,House,CD,8050,19179,0.4197299129255957
1996,House,File,9,19179,0.0004692632566870014
1996,House,Vinyl,11121,19179,0.5798529641795714
1996,Techno,CD,3029,8793,0.34447856249289205
1996,Techno,File,11,8793,0.0012509951097463892
1996,Techno,Vinyl,5753,8793,0.6542704423973615
1997,Ambient,CD,3139,3680,0.8529891304347826
1997,Ambient,File,4,3680,0.0010869565217391304
1997,Ambient,Vinyl,537,3680,0.14592391304347826
1997,House,CD,8408,18786,0.4475673373788992
1997,House,File,24,18786,0.0012775471095496647
1997,House,Vinyl,10354,18786,0.5511551155115512
1997,Techno,CD,3254,8395,0.3876116736152472
1997,Techno,File,12,8395,0.0014294222751637879
1997,Techno,Vinyl,5132,8395,0.61131625967838
1998,Ambient,CD,2803,3280,0.8545731707317074
1998,Ambient,File,23,3280,0.00701219512195122
1998,Ambient,Vinyl,454,3280,0.13841463414634148
1998,House,CD,8146,17635,0.461922313580947
1998,House,File,22,17635,0.0012475191380776863
1998,House,Vinyl,9469,17635,0.5369435781117097
1998,Techno,CD,2537,7084,0.35813099943534726
1998,Techno,File,23,7084,0.003246753246753247
1998,Techno,Vinyl,4525,7084,0.6387634105025409
1999,Ambient,CD,3074,3610,0.8515235457063712
1999,Ambient,File,77,3610,0.021329639889196676
1999,Ambient,Vinyl,464,3610,0.12853185595567868
1999,House,CD,8187,17668,0.46338012225492414
1999,House,File,48,17668,0.002716776092370387
1999,House,Vinyl,9436,17668,0.5340729001584786
1999,Techno,CD,2482,7169,0.3462128609289999
1999,Techno,File,57,7169,0.007950899707072115
1999,Techno,Vinyl,4632,7169,0.6461152183010183
2000,Ambient,CD,3138,3849,0.8152766952455183
2000,Ambient,File,168,3849,0.043647700701480906
2000,Ambient,Vinyl,544,3849,0.1413354117952715
2000,House,CD,8438,18413,0.4582631836202683
2000,House,File,173,18413,0.009395535762776299
2000,House,Vinyl,9806,18413,0.53255851843806
2000,Techno,CD,2560,7640,0.33507853403141363
2000,Techno,File,143,7640,0.018717277486910995
2000,Techno,Vinyl,4941,7640,0.6467277486910995
2001,Ambient,CD,3417,4250,0.804
2001,Ambient,File,260,4250,0.0611764705882353
2001,Ambient,Vinyl,584,4250,0.13741176470588234
2001,House,CD,8234,19010,0.4331404523934771
2001,House,File,236,19010,0.012414518674381904
2001,House,Vinyl,10542,19010,0.5545502367175171
2001,Techno,CD,2532,8355,0.3030520646319569
2001,Techno,File,156,8355,0.01867145421903052
2001,Techno,Vinyl,5670,8355,0.6786355475763016
2002,Ambient,CD,3385,4356,0.777089072543618
2002,Ambient,File,440,4356,0.10101010101010101
2002,Ambient,Vinyl,534,4356,0.12258953168044077
2002,House,CD,7549,18265,0.4133041335888311
2002,House,File,281,18265,0.015384615384615385
2002,House,Vinyl,10435,18265,0.5713112510265536
2002,Techno,CD,2402,7651,0.3139458894262188
2002,Techno,File,207,7651,0.027055286890602534
2002,Techno,Vinyl,5046,7651,0.6595216311593256
2003,Ambient,CD,3275,4355,0.7520091848450058
2003,Ambient,File,637,4355,0.14626865671641792
2003,Ambient,Vinyl,446,4355,0.1024110218140069
2003,House,CD,7241,18275,0.39622435020519836
2003,House,File,467,18275,0.025554035567715457
2003,House,Vinyl,10573,18275,0.5785499316005472
2003,Techno,CD,2023,7245,0.2792270531400966
2003,Techno,File,345,7245,0.047619047619047616
2003,Techno,Vinyl,4887,7245,0.6745341614906832
2004,Ambient,CD,3270,4791,0.6825297432686287
2004,Ambient,File,1091,4791,0.2277186391150073
2004,Ambient,Vinyl,437,4791,0.09121269046128157
2004,House,CD,6220,16530,0.3762855414398064
2004,House,File,738,16530,0.044646098003629765
2004,House,Vinyl,9581,16530,0.5796128251663641
2004,Techno,CD,1735,7280,0.23832417582417584
2004,Techno,File,604,7280,0.08296703296703296
2004,Techno,Vinyl,4944,7280,0.6791208791208792
2005,Ambient,CD,3299,5086,0.6486433346441212
2005,Ambient,File,1426,5086,0.2803775068816359
2005,Ambient,Vinyl,367,5086,0.0721588674793551
2005,House,CD,6848,17603,0.3890245980798728
2005,House,File,1241,17603,0.07049934670226667
2005,House,Vinyl,9521,17603,0.5408737147077203
2005,Techno,CD,1763,7489,0.23541193750834558
2005,Techno,File,998,7489,0.13326211777273334
2005,Techno,Vinyl,4734,7489,0.6321271197756709
2006,Ambient,CD,3204,5660,0.566077738515901
2006,Ambient,File,2094,5660,0.36996466431095404
2006,Ambient,Vinyl,376,5660,0.06643109540636043
2006,House,CD,6803,17761,0.3830302347840775
2006,House,File,2554,17761,0.1437982095602725
2006,House,Vinyl,8418,17761,0.47395979956083556
2006,Techno,CD,1863,8917,0.20892676909274419
2006,Techno,File,2393,8917,0.2683637994841314
2006,Techno,Vinyl,4668,8917,0.5234944488056521
2007,Ambient,CD,3001,6118,0.4905197777051324
2007,Ambient,File,2716,6118,0.4439359267734554
2007,Ambient,Vinyl,420,6118,0.06864988558352403
2007,House,CD,6435,17194,0.3742584622542747
2007,House,File,4231,17194,0.24607421193439571
2007,House,Vinyl,6546,17194,0.380714202628824
2007,Techno,CD,1719,10414,0.1650662569617822
2007,Techno,File,4088,10414,0.392548492414058
2007,Techno,Vinyl,4610,10414,0.442673324371039
2008,Ambient,CD,2870,6529,0.4395772706386889
2008,Ambient,File,3295,6529,0.5046714657681115
2008,Ambient,Vinyl,382,6529,0.0585081942104457
2008,House,CD,5565,16640,0.33443509615384615
2008,House,File,6288,16640,0.3778846153846154
2008,House,Vinyl,4809,16640,0.28900240384615383
2008,Techno,CD,1634,12640,0.12927215189873417
2008,Techno,File,6797,12640,0.5377373417721519
2008,Techno,Vinyl,4221,12640,0.3339398734177215
2009,Ambient,CD,2667,7356,0.36256117455138664
2009,Ambient,File,4214,7356,0.5728656878738445
2009,Ambient,Vinyl,525,7356,0.07137030995106036
2009,House,CD,5061,17731,0.2854322937228583
2009,House,File,8694,17731,0.4903276746940387
2009,House,Vinyl,4004,17731,0.2258191867350967
2009,Techno,CD,1460,13402,0.10893896433368154
2009,Techno,File,8274,13402,0.6173705417101925
2009,Techno,Vinyl,3691,13402,0.2754066557230264
2010,Ambient,CD,2376,8267,0.2874077658158945
2010,Ambient,File,5300,8267,0.6411031813233338
2010,Ambient,Vinyl,641,8267,0.0775371960808032
2010,House,CD,4222,18754,0.2251253066012584
2010,House,File,11117,18754,0.592780206889197
2010,House,Vinyl,3442,18754,0.18353417937506666
2010,Techno,CD,1173,13234,0.08863533323258274
2010,Techno,File,9087,13234,0.6866404715127702
2010,Techno,Vinyl,2999,13234,0.22661326885295452
2011,Ambient,CD,2205,10486,0.2102803738317757
2011,Ambient,File,7455,10486,0.7109479305740988
2011,Ambient,Vinyl,892,10486,0.08506580202174328
2011,House,CD,3598,19787,0.18183655935715368
2011,House,File,12732,19787,0.6434527720220347
2011,House,Vinyl,3496,19787,0.17668165967554456
2011,Techno,CD,1139,14777,0.07707924477228124
2011,Techno,File,10562,14777,0.7147594234283008
2011,Techno,Vinyl,3109,14777,0.21039453204303987
2012,Ambient,CD,2221,12227,0.1816471742864153
2012,Ambient,File,8994,12227,0.7355851803385949
2012,Ambient,Vinyl,1083,12227,0.08857446634497423
2012,House,CD,3196,20410,0.15658990690837823
2012,House,File,13092,20410,0.6414502694757472
2012,House,Vinyl,4176,20410,0.20460558549730523
2012,Techno,CD,1107,15195,0.07285291214215202
2012,Techno,File,10802,15195,0.710891740704179
2012,Techno,Vinyl,3325,15195,0.2188219809147746
2013,Ambient,CD,2133,12937,0.16487593723428925
2013,Ambient,File,9648,12937,0.7457679523846332
2013,Ambient,Vinyl,1234,12937,0.09538532890160006
2013,House,CD,2377,17884,0.13291210020129726
2013,House,File,11459,17884,0.6407403265488705
2013,House,Vinyl,4087,17884,0.22852829344665623
2013,Techno,CD,989,16428,0.060202093985877767
2013,Techno,File,11266,16428,0.6857803749695641
2013,Techno,Vinyl,4225,16428,0.2571828585342099
2014,Ambient,CD,2143,13119,0.1633508651574053
2014,Ambient,File,9667,13119,0.7368701882765455
2014,Ambient,Vinyl,1383,13119,0.10541962039789618
2014,House,CD,2095,16348,0.1281502324443357
2014,House,File,10451,16348,0.6392830927330561
2014,House,Vinyl,3859,16348,0.2360533398580866
2014,Techno,CD,894,16736,0.05341778202676864
2014,Techno,File,11414,16736,0.6820028680688337
2014,Techno,Vinyl,4478,16736,0.26756692160611856
2015,Ambient,CD,2094,14586,0.14356232003290828
2015,Ambient,File,10884,14586,0.7461949814890991
2015,Ambient,Vinyl,1691,14586,0.11593308652132181
2015,House,CD,1769,17075,0.103601756954612
2015,House,File,11500,17075,0.6734992679355783
2015,House,Vinyl,3859,17075,0.22600292825768667
2015,Techno,CD,815,17648,0.04618087035358114
2015,Techno,File,11997,17648,0.6797937443336355
2015,Techno,Vinyl,4885,17648,0.27680190389845877
2016,Ambient,CD,2153,15882,0.13556227175418714
2016,Ambient,File,11783,15882,0.741909079461025
2016,Ambient,Vinyl,2024,15882,0.12743986903412668
2016,House,CD,1423,17381,0.08187100857257926
2016,House,File,11847,17381,0.6816063517634198
2016,House,Vinyl,4160,17381,0.2393418100224383
2016,Techno,CD,775,18581,0.041709272913190897
2016,Techno,File,12541,18581,0.674936763360422
2016,Techno,Vinyl,5302,18581,0.2853452451428879
2017,Ambient,CD,1995,16232,0.12290537210448496
2017,Ambient,File,11953,16232,0.7363849186791523
2017,Ambient,Vinyl,2346,16232,0.1445293247905372
2017,House,CD,1054,17431,0.06046698410877173
2017,House,File,12323,17431,0.7069588663874706
2017,House,Vinyl,4083,17431,0.23423785210257586
2017,Techno,CD,694,21470,0.03232417326502096
2017,Techno,File,15554,21470,0.7244527247321845
2017,Techno,Vinyl,5254,21470,0.2447135537959944
2018,Ambient,CD,1922,16931,0.11351957946961196
2018,Ambient,File,12495,16931,0.7379953930659736
2018,Ambient,Vinyl,2577,16931,0.15220601263953695
2018,House,CD,803,16616,0.04832691381800674
2018,House,File,12020,16616,0.7233991333654309
2018,House,Vinyl,3807,16616,0.22911651420317766
2018,Techno,CD,625,21652,0.028865693700351008
2018,Techno,File,15948,21652,0.7365601330131166
2018,Techno,Vinyl,5109,21652,0.23595972658414927
2019,Ambient,CD,1764,17783,0.09919586121576787
2019,Ambient,File,13346,17783,0.7504920429623798
2019,Ambient,Vinyl,2732,17783,0.15362987122532756
2019,House,CD,688,15454,0.04451921832535266
2019,House,File,11384,15454,0.7366377636857772
2019,House,Vinyl,3393,15454,0.21955480781674647
2019,Techno,CD,523,20514,0.02549478404991713
2019,Techno,File,14981,20514,0.730281758798869
2019,Techno,Vinyl,5033,20514,0.24534464268304573
2020,Ambient,CD,1773,22282,0.07957095413338121
2020,Ambient,File,17637,22282,0.7915357687819765
2020,Ambient,Vinyl,2942,22282,0.13203482631720673
2020,House,CD,502,16071,0.031236388525916245
2020,House,File,12470,16071,0.7759318026258478
2020,House,Vinyl,3125,16071,0.19444962976790492
2020,Techno,CD,421,22378,0.018813120028599518
2020,Techno,File,17774,22378,0.7942622218250067
2020,Techno,Vinyl,4222,22378,0.18866744123692913
2021,Ambient,CD,1760,18047,0.09752313403889844
2021,Ambient,File,13288,18047,0.7362996619936831
2021,Ambient,Vinyl,3051,18047,0.16905856929129495
2021,House,CD,408,14824,0.027522935779816515
2021,House,File,11364,14824,0.766594711279007
2021,House,Vinyl,3067,14824,0.2068942255801403
2021,Techno,CD,370,18188,0.020343083351660435
2021,Techno,File,14037,18188,0.7717725973169123
2021,Techno,Vinyl,3810,18188,0.20947877721574665
2022,Ambient,CD,1679,16297,0.10302509664355403
2022,Ambient,File,11785,16297,0.7231392280787875
2022,Ambient,Vinyl,2898,16297,0.17782413941216174
2022,House,CD,356,13145,0.02708254089007227
2022,House,File,9619,13145,0.7317611259033853
2022,House,Vinyl,3183,13145,0.24214530239634843
2022,Techno,CD,387,15962,0.02424508206991605
2022,Techno,File,12058,15962,0.755419120410976
2022,Techno,Vinyl,3532,15962,0.22127552938228293
2023,Ambient,CD,1464,14146,0.10349215325887176
2023,Ambient,File,9891,14146,0.699208256751025
2023,Ambient,Vinyl,2853,14146,0.20168245440407181
2023,House,CD,348,12964,0.026843566800370255
2023,House,File,9328,12964,0.7195310089478556
2023,House,Vinyl,3301,12964,0.25462820117247764
2023,Techno,CD,357,16477,0.021666565515567154
2023,Techno,File,12450,16477,0.7555987133580142
2023,Techno,Vinyl,3693,16477,0.22413060629969048
2024,Ambient,CD,1334,11228,0.11881011756323477
2024,Ambient,File,7418,11228,0.6606697541859636
2024,Ambient,Vinyl,2515,11228,0.22399358745992162
2024,House,CD,285,11724,0.02430910951893552
2024,House,File,8428,11724,0.7188672807915387
2024,House,Vinyl,3022,11724,0.25776185602183554
2024,Techno,CD,304,14597,0.02082619716380078
2024,Techno,File,10877,14597,0.7451531136534905
2024,Techno,Vinyl,3442,14597,0.23580187709803385
